,Attrition_Numeric
Attrition_Numeric,1.0
DistanceFromHome,0.07792358295570367
NumCompaniesWorked,0.04349373905781365
PerformanceRating,0.0028887517110808684
YearsSinceLastPromotion,-0.03301877514258431
TrainingTimesLastYear,-0.05947779855642055
WorkLifeBalance,-0.0639390472174089
JobSatisfaction,-0.10348112606902123
YearsAtCompany,-0.13439221398997708
YearsWithCurrManager,-0.15619931590162878
Age,-0.15920500686577962
MonthlyIncome,-0.15983958238498852
YearsInCurrentRole,-0.1605450042677008
JobLevel,-0.16910475093102761
TotalWorkingYears,-0.17106324613622612
