,Age,DistanceFromHome,JobLevel,JobSatisfaction,MonthlyIncome,NumCompaniesWorked,PerformanceRating,TotalWorkingYears,TrainingTimesLastYear,WorkLifeBalance,YearsAtCompany,YearsInCurrentRole,YearsSinceLastPromotion,YearsWithCurrManager
Age,1.0,-0.00168612014808715,0.5096042284323842,-0.00489187714868713,0.4978545669265801,0.2996347579836926,0.0019038955127587383,0.6803805357911985,-0.01962081894269849,-0.021490027957098715,0.3113087697450989,0.21290105556556793,0.2165133678516537,0.20208860237515264
DistanceFromHome,-0.00168612014808715,1.0,0.005302730554496216,-0.0036688391677205793,-0.017014444745275862,-0.029250804197293017,0.027109618481976,0.004628425863783857,-0.036942234339915794,-0.02655600410656903,0.009507719899011289,0.018844999108945746,0.010028835943115395,0.014406048430630005
JobLevel,0.5096042284323842,0.005302730554496216,1.0,-0.0019437080267456581,0.9502999134798473,0.1425011238104873,-0.021222082108857152,0.7822078045362748,-0.018190550193549416,0.037817745596666404,0.5347386873756308,0.3894467328766705,0.3538853469641021,0.37528060776572636
JobSatisfaction,-0.00489187714868713,-0.0036688391677205793,-0.0019437080267456581,1.0,-0.00715674235591272,-0.05569942601274605,0.0022971970637806114,-0.020185072685016788,-0.005779334958609115,-0.01945871021297396,-0.0038026279482880534,-0.002304785229830135,-0.01821356781019079,-0.027656213884289974
MonthlyIncome,0.4978545669265801,-0.017014444745275862,0.9502999134798473,-0.00715674235591272,1.0,0.14951521598969805,-0.01712013823739077,0.7728932462543574,-0.02173627682389331,0.030683081556940557,0.5142848257331957,0.3638176669287084,0.3449776381654271,0.34407888325872127
NumCompaniesWorked,0.2996347579836926,-0.029250804197293017,0.1425011238104873,-0.05569942601274605,0.14951521598969805,1.0,-0.014094872753535133,0.23763858978479552,-0.06605407172783646,-0.008365684790058631,-0.11842134024259104,-0.0907539337008081,-0.03681389238350808,-0.11031915543773241
PerformanceRating,0.0019038955127587383,0.027109618481976,-0.021222082108857152,0.0022971970637806114,-0.01712013823739077,-0.014094872753535133,1.0,0.0067436679059531685,-0.015578881739137565,0.002572361317682639,0.0034351261159238713,0.034986260407194936,0.017896066144799785,0.022827168908479807
TotalWorkingYears,0.6803805357911985,0.004628425863783857,0.7822078045362748,-0.020185072685016788,0.7728932462543574,0.23763858978479552,0.0067436679059531685,1.0,-0.03566157127961907,0.0010076456218964924,0.6281331552682468,0.46036463801180993,0.4048577585025587,0.45918839708314385
TrainingTimesLastYear,-0.01962081894269849,-0.036942234339915794,-0.018190550193549416,-0.005779334958609115,-0.02173627682389331,-0.06605407172783646,-0.015578881739137565,-0.03566157127961907,1.0,0.02807220660362872,0.003568665678427449,-0.0057375043379568925,-0.0020665360380059438,-0.004095526021226202
WorkLifeBalance,-0.021490027957098715,-0.02655600410656903,0.037817745596666404,-0.01945871021297396,0.030683081556940557,-0.008365684790058631,0.002572361317682639,0.0010076456218964924,0.02807220660362872,1.0,0.012089185354581315,0.04985649792220436,0.008941249141234323,0.002759440242340428
YearsAtCompany,0.3113087697450989,0.009507719899011289,0.5347386873756308,-0.0038026279482880534,0.5142848257331957,-0.11842134024259104,0.0034351261159238713,0.6281331552682468,0.003568665678427449,0.012089185354581315,1.0,0.7587537366134619,0.6184088652176047,0.7692124251007031
YearsInCurrentRole,0.21290105556556793,0.018844999108945746,0.3894467328766705,-0.002304785229830135,0.3638176669287084,-0.0907539337008081,0.034986260407194936,0.46036463801180993,-0.0057375043379568925,0.04985649792220436,0.7587537366134619,1.0,0.5480562476995187,0.7143647616385931
YearsSinceLastPromotion,0.2165133678516537,0.010028835943115395,0.3538853469641021,-0.01821356781019079,0.3449776381654271,-0.03681389238350808,0.017896066144799785,0.4048577585025587,-0.0020665360380059438,0.008941249141234323,0.6184088652176047,0.5480562476995187,1.0,0.5102236357788085
YearsWithCurrManager,0.20208860237515264,0.014406048430630005,0.37528060776572636,-0.027656213884289974,0.34407888325872127,-0.11031915543773241,0.022827168908479807,0.45918839708314385,-0.004095526021226202,0.002759440242340428,0.7692124251007031,0.7143647616385931,0.5102236357788085,1.0
